number,value,datetime_start,datetime_complete,duration,params_max_depth,params_min_samples_leaf,params_min_samples_split,params_n_estimators,state
0,-0.541815094795161,2026-02-27 15:27:56.413577,2026-02-27 15:28:02.129195,0 days 00:00:05.715618,40,13,17,8244,COMPLETE
1,-0.417981597945173,2026-02-27 15:28:02.150302,2026-02-27 15:28:08.318419,0 days 00:00:06.168117,15,7,6,9015,COMPLETE
2,-0.43048061512407687,2026-02-27 15:28:08.335741,2026-02-27 15:28:13.887153,0 days 00:00:05.551412,42,6,19,8096,COMPLETE
3,-0.4516689502367246,2026-02-27 15:28:13.911536,2026-02-27 15:28:15.954946,0 days 00:00:02.043410,11,11,17,2447,COMPLETE
4,-0.36987068292725517,2026-02-27 15:28:15.971604,2026-02-27 15:28:18.507548,0 days 00:00:02.535944,27,1,7,3182,COMPLETE
5,-0.42053478041189185,2026-02-27 15:28:18.532392,2026-02-27 15:28:19.782369,0 days 00:00:01.249977,21,4,16,1189,COMPLETE
6,-0.39077304257576395,2026-02-27 15:28:19.799535,2026-02-27 15:28:21.029054,0 days 00:00:01.229519,31,1,11,1230,COMPLETE
7,-0.5385964048039655,2026-02-27 15:28:21.046303,2026-02-27 15:28:21.479389,0 days 00:00:00.433086,9,13,6,611,COMPLETE
8,-0.6284886385313068,2026-02-27 15:28:21.495575,2026-02-27 15:28:23.406482,0 days 00:00:01.910907,23,14,17,3242,COMPLETE
9,-0.4151339194192505,2026-02-27 15:28:23.422325,2026-02-27 15:28:25.967325,0 days 00:00:02.545000,9,3,15,3954,COMPLETE
10,-0.667565094802583,2026-02-27 15:28:25.983648,2026-02-27 15:28:29.439509,0 days 00:00:03.455861,49,20,2,5901,COMPLETE
11,-0.3989225233741284,2026-02-27 15:28:29.462841,2026-02-27 15:28:32.898456,0 days 00:00:03.435615,31,2,11,5343,COMPLETE
12,-0.39139092791572233,2026-02-27 15:28:32.922104,2026-02-27 15:28:34.145826,0 days 00:00:01.223722,32,1,11,1830,COMPLETE
13,-0.41824077723991077,2026-02-27 15:28:34.162155,2026-02-27 15:28:34.359215,0 days 00:00:00.197060,35,7,10,209,COMPLETE
14,-0.3734116916114493,2026-02-27 15:28:34.375663,2026-02-27 15:28:36.774905,0 days 00:00:02.399242,24,1,8,3692,COMPLETE
15,-0.4130193265479578,2026-02-27 15:28:36.791083,2026-02-27 15:28:40.870469,0 days 00:00:04.079386,24,5,7,6455,COMPLETE
16,-0.43685387886143373,2026-02-27 15:28:40.894059,2026-02-27 15:28:43.415359,0 days 00:00:02.521300,18,9,2,3949,COMPLETE
17,-0.6672179820147661,2026-02-27 15:28:43.441357,2026-02-27 15:28:45.907828,0 days 00:00:02.466471,24,18,8,4335,COMPLETE
18,-0.40871551254997407,2026-02-27 15:28:45.933532,2026-02-27 15:28:47.635919,0 days 00:00:01.702387,16,4,4,2572,COMPLETE
19,-0.4368133488052752,2026-02-27 15:28:47.652218,2026-02-27 15:28:51.926335,0 days 00:00:04.274117,38,9,14,6748,COMPLETE
20,-0.3786432332862755,2026-02-27 15:28:51.945180,2026-02-27 15:28:55.085569,0 days 00:00:03.140389,27,1,9,4826,COMPLETE
21,-0.3786432332862755,2026-02-27 15:28:55.112666,2026-02-27 15:28:58.205762,0 days 00:00:03.093096,28,1,9,4826,COMPLETE
22,-0.4142276461110339,2026-02-27 15:28:58.223899,2026-02-27 15:29:00.462243,0 days 00:00:02.238344,27,4,13,3442,COMPLETE
23,-0.3970744156855055,2026-02-27 15:29:00.487330,2026-02-27 15:29:03.827164,0 days 00:00:03.339834,19,3,5,5177,COMPLETE
24,-0.38760360363068974,2026-02-27 15:29:03.843713,2026-02-27 15:29:05.806116,0 days 00:00:01.962403,27,2,8,2922,COMPLETE
25,-0.4151099384150168,2026-02-27 15:29:05.822633,2026-02-27 15:29:08.962170,0 days 00:00:03.139537,35,6,4,4697,COMPLETE
26,-0.37830891973563796,2026-02-27 15:29:08.987798,2026-02-27 15:29:13.456595,0 days 00:00:04.468797,13,1,9,6987,COMPLETE
27,-0.4099698072798607,2026-02-27 15:29:13.481362,2026-02-27 15:29:18.056198,0 days 00:00:04.574836,5,3,13,7195,COMPLETE
28,-0.41243181142163304,2026-02-27 15:29:18.072747,2026-02-27 15:29:24.268652,0 days 00:00:06.195905,14,5,7,9849,COMPLETE
29,-0.6674405692472615,2026-02-27 15:29:24.293374,2026-02-27 15:29:28.828586,0 days 00:00:04.535212,45,17,9,8091,COMPLETE
30,-0.4365384352188449,2026-02-27 15:29:28.852121,2026-02-27 15:29:33.385418,0 days 00:00:04.533297,12,9,4,7154,COMPLETE
31,-0.37843426856417006,2026-02-27 15:29:33.401879,2026-02-27 15:29:37.089811,0 days 00:00:03.687932,21,1,9,5663,COMPLETE
32,-0.3840042890367405,2026-02-27 15:29:37.106254,2026-02-27 15:29:41.075759,0 days 00:00:03.969505,20,2,7,6212,COMPLETE
33,-0.3944819624758914,2026-02-27 15:29:41.099080,2026-02-27 15:29:44.827571,0 days 00:00:03.728491,23,2,10,5777,COMPLETE
34,-0.43254878696056254,2026-02-27 15:29:44.855110,2026-02-27 15:29:50.378662,0 days 00:00:05.523552,16,7,20,8665,COMPLETE
35,-0.41496966658485734,2026-02-27 15:29:50.407202,2026-02-27 15:29:51.889859,0 days 00:00:01.482657,21,5,12,2158,COMPLETE
36,-0.39620873768121184,2026-02-27 15:29:51.909709,2026-02-27 15:29:56.840163,0 days 00:00:04.930454,13,3,6,7609,COMPLETE
37,-0.373495107502102,2026-02-27 15:29:56.860118,2026-02-27 15:29:59.305777,0 days 00:00:02.445659,17,1,8,3730,COMPLETE
38,-0.4524288298858023,2026-02-27 15:29:59.325377,2026-02-27 15:30:01.750282,0 days 00:00:02.424905,5,11,5,3706,COMPLETE
39,-0.6604609505585455,2026-02-27 15:30:01.771246,2026-02-27 15:30:02.799650,0 days 00:00:01.028404,8,15,8,1637,COMPLETE
40,-0.40870100844989715,2026-02-27 15:30:02.819910,2026-02-27 15:30:04.581964,0 days 00:00:01.762054,17,4,5,2650,COMPLETE
41,-0.38525174514680083,2026-02-27 15:30:04.602229,2026-02-27 15:30:07.484990,0 days 00:00:02.882761,22,1,10,4350,COMPLETE
42,-0.3875633672641919,2026-02-27 15:30:07.504853,2026-02-27 15:30:09.608889,0 days 00:00:02.104036,25,2,8,3188,COMPLETE
43,-0.36932044558707655,2026-02-27 15:30:09.628580,2026-02-27 15:30:13.252678,0 days 00:00:03.624098,19,1,7,5580,COMPLETE
44,-0.3984385155468678,2026-02-27 15:30:13.268943,2026-02-27 15:30:16.116757,0 days 00:00:02.847814,15,3,7,4341,COMPLETE
45,-0.38532612031026386,2026-02-27 15:30:16.137763,2026-02-27 15:30:18.587660,0 days 00:00:02.449897,11,1,10,3675,COMPLETE
46,-0.37924291374865804,2026-02-27 15:30:18.608310,2026-02-27 15:30:22.167311,0 days 00:00:03.559001,19,2,3,5431,COMPLETE
47,-0.3964055784918768,2026-02-27 15:30:22.187265,2026-02-27 15:30:22.963121,0 days 00:00:00.775856,29,3,6,1043,COMPLETE
48,-0.4087156585180109,2026-02-27 15:30:22.980234,2026-02-27 15:30:24.435356,0 days 00:00:01.455122,33,4,7,2172,COMPLETE
49,-0.4148859244643182,2026-02-27 15:30:24.454299,2026-02-27 15:30:28.519435,0 days 00:00:04.065136,25,5,12,6267,COMPLETE
50,-0.41512533273134655,2026-02-27 15:30:28.538978,2026-02-27 15:30:30.537432,0 days 00:00:01.998454,30,6,6,3029,COMPLETE
51,-0.3781129859412623,2026-02-27 15:30:30.558332,2026-02-27 15:30:34.374834,0 days 00:00:03.816502,22,1,9,5854,COMPLETE
52,-0.37327157114072496,2026-02-27 15:30:34.395359,2026-02-27 15:30:38.752273,0 days 00:00:04.356914,18,1,8,6771,COMPLETE
53,-0.38695817698054025,2026-02-27 15:30:38.769166,2026-02-27 15:30:42.683540,0 days 00:00:03.914374,17,2,8,6070,COMPLETE
54,-0.37328254350036355,2026-02-27 15:30:42.710948,2026-02-27 15:30:47.010060,0 days 00:00:04.299112,19,1,8,6630,COMPLETE
55,-0.39853935969478105,2026-02-27 15:30:47.029728,2026-02-27 15:30:51.236290,0 days 00:00:04.206562,19,2,11,6652,COMPLETE
56,-0.36422392074519105,2026-02-27 15:30:51.264101,2026-02-27 15:30:53.989456,0 days 00:00:02.725355,25,1,5,4192,COMPLETE
57,-0.3961568775923795,2026-02-27 15:30:54.017285,2026-02-27 15:30:58.960949,0 days 00:00:04.943664,25,3,3,7721,COMPLETE
58,-0.3799005995269452,2026-02-27 15:30:58.988381,2026-02-27 15:31:01.768444,0 days 00:00:02.780063,23,2,5,4216,COMPLETE
59,-0.40918714534510314,2026-02-27 15:31:01.787980,2026-02-27 15:31:05.027414,0 days 00:00:03.239434,26,4,6,5027,COMPLETE
60,-0.36626916434583023,2026-02-27 15:31:05.047491,2026-02-27 15:31:08.030550,0 days 00:00:02.983059,29,1,6,4560,COMPLETE
61,-0.36627906381214964,2026-02-27 15:31:08.051000,2026-02-27 15:31:11.040229,0 days 00:00:02.989229,29,1,6,4559,COMPLETE
62,-0.36637208014371114,2026-02-27 15:31:11.067427,2026-02-27 15:31:14.067356,0 days 00:00:02.999929,31,1,6,4628,COMPLETE
63,-0.3972406147687898,2026-02-27 15:31:14.087703,2026-02-27 15:31:17.179282,0 days 00:00:03.091579,33,3,4,4802,COMPLETE
64,-0.37918105873088087,2026-02-27 15:31:17.204477,2026-02-27 15:31:20.094123,0 days 00:00:02.889646,31,2,3,4557,COMPLETE
65,-0.36677597983269117,2026-02-27 15:31:20.114912,2026-02-27 15:31:23.614415,0 days 00:00:03.499503,35,1,6,5427,COMPLETE
66,-0.3971451155695779,2026-02-27 15:31:23.641957,2026-02-27 15:31:27.122258,0 days 00:00:03.480301,35,3,6,5382,COMPLETE
67,-0.45198879484505217,2026-02-27 15:31:27.149614,2026-02-27 15:31:30.481478,0 days 00:00:03.331864,39,11,5,5160,COMPLETE
68,-0.3630916689233249,2026-02-27 15:31:30.501173,2026-02-27 15:31:33.080885,0 days 00:00:02.579712,37,1,4,3977,COMPLETE
69,-0.3579233982520251,2026-02-27 15:31:33.107264,2026-02-27 15:31:35.688345,0 days 00:00:02.581081,41,1,2,3942,COMPLETE
70,-0.3787617143633716,2026-02-27 15:31:35.708227,2026-02-27 15:31:38.292363,0 days 00:00:02.584136,37,2,3,4019,COMPLETE
71,-0.3585689393914898,2026-02-27 15:31:38.313551,2026-02-27 15:31:40.532011,0 days 00:00:02.218460,40,1,2,3396,COMPLETE
72,-0.3585386744721317,2026-02-27 15:31:40.548382,2026-02-27 15:31:42.774831,0 days 00:00:02.226449,43,1,2,3438,COMPLETE
73,-0.37925369130567155,2026-02-27 15:31:42.802211,2026-02-27 15:31:45.031347,0 days 00:00:02.229136,43,2,2,3445,COMPLETE
74,-0.3793827835623492,2026-02-27 15:31:45.051695,2026-02-27 15:31:46.925715,0 days 00:00:01.874020,41,2,2,2793,COMPLETE
75,-0.409189264973883,2026-02-27 15:31:46.945578,2026-02-27 15:31:49.159263,0 days 00:00:02.213685,44,4,2,3456,COMPLETE
76,-0.3628625112763668,2026-02-27 15:31:49.184457,2026-02-27 15:31:51.824129,0 days 00:00:02.639672,50,1,4,4027,COMPLETE
77,-0.37886716177778973,2026-02-27 15:31:51.849979,2026-02-27 15:31:54.436549,0 days 00:00:02.586570,49,2,4,3990,COMPLETE
78,-0.44286078932713,2026-02-27 15:31:54.461794,2026-02-27 15:31:56.055039,0 days 00:00:01.593245,46,10,3,2368,COMPLETE
79,-0.5425690705960159,2026-02-27 15:31:56.071132,2026-02-27 15:31:58.567373,0 days 00:00:02.496241,46,13,2,4133,COMPLETE
80,-0.3629896746553566,2026-02-27 15:31:58.593942,2026-02-27 15:32:01.094524,0 days 00:00:02.500582,50,1,4,3853,COMPLETE
81,-0.363669573746556,2026-02-27 15:32:01.107490,2026-02-27 15:32:03.254523,0 days 00:00:02.147033,50,1,4,3292,COMPLETE
82,-0.39748669243161017,2026-02-27 15:32:03.271035,2026-02-27 15:32:05.388753,0 days 00:00:02.117718,50,3,4,3255,COMPLETE
83,-0.3634406486203511,2026-02-27 15:32:05.405514,2026-02-27 15:32:07.677955,0 days 00:00:02.272441,47,1,4,3426,COMPLETE
84,-0.36013465795546773,2026-02-27 15:32:07.694575,2026-02-27 15:32:10.140700,0 days 00:00:02.446125,48,1,3,3781,COMPLETE
85,-0.3789263389188331,2026-02-27 15:32:10.158537,2026-02-27 15:32:12.591695,0 days 00:00:02.433158,47,2,3,3754,COMPLETE
86,-0.6673412125389844,2026-02-27 15:32:12.615366,2026-02-27 15:32:14.274466,0 days 00:00:01.659100,47,19,2,2841,COMPLETE
87,-0.4275163046480929,2026-02-27 15:32:14.291193,2026-02-27 15:32:16.432926,0 days 00:00:02.141733,48,3,18,3327,COMPLETE
88,-0.36139336931821076,2026-02-27 15:32:16.450097,2026-02-27 15:32:18.404271,0 days 00:00:01.954174,42,1,3,3002,COMPLETE
89,-0.6669124057922733,2026-02-27 15:32:18.420756,2026-02-27 15:32:20.205620,0 days 00:00:01.784864,42,16,3,3067,COMPLETE
90,-0.37870990465039195,2026-02-27 15:32:20.223787,2026-02-27 15:32:22.690809,0 days 00:00:02.467022,40,2,2,3784,COMPLETE
91,-0.36301910603506127,2026-02-27 15:32:22.707364,2026-02-27 15:32:25.024635,0 days 00:00:02.317271,50,1,4,3539,COMPLETE
92,-0.4271149118037959,2026-02-27 15:32:25.049708,2026-02-27 15:32:27.358886,0 days 00:00:02.309178,44,8,3,3553,COMPLETE
93,-0.36334382883300387,2026-02-27 15:32:27.384594,2026-02-27 15:32:29.007827,0 days 00:00:01.623233,48,1,4,2430,COMPLETE
94,-0.3604967023125883,2026-02-27 15:32:29.024294,2026-02-27 15:32:30.205462,0 days 00:00:01.181168,49,1,3,1686,COMPLETE
95,-0.37823327390373424,2026-02-27 15:32:30.222334,2026-02-27 15:32:31.363499,0 days 00:00:01.141165,49,2,2,1653,COMPLETE
96,-0.37120484354127503,2026-02-27 15:32:31.380551,2026-02-27 15:32:31.617644,0 days 00:00:00.237093,37,1,3,249,COMPLETE
97,-0.3970145928915551,2026-02-27 15:32:31.633871,2026-02-27 15:32:34.131073,0 days 00:00:02.497202,45,3,2,3886,COMPLETE
98,-0.3604204250773087,2026-02-27 15:32:34.158028,2026-02-27 15:32:35.018575,0 days 00:00:00.860547,42,1,3,1237,COMPLETE
99,-0.3780475122926489,2026-02-27 15:32:35.037467,2026-02-27 15:32:35.990431,0 days 00:00:00.952964,42,2,2,1386,COMPLETE
100,-0.360917239522602,2026-02-27 15:32:36.009891,2026-02-27 15:32:37.412419,0 days 00:00:01.402528,50,1,3,2114,COMPLETE
101,-0.3607227684823499,2026-02-27 15:32:37.429581,2026-02-27 15:32:38.091273,0 days 00:00:00.661692,50,1,3,889,COMPLETE
102,-0.3605462385149081,2026-02-27 15:32:38.107896,2026-02-27 15:32:38.879568,0 days 00:00:00.771672,48,1,3,1099,COMPLETE
103,-0.37863867534205675,2026-02-27 15:32:38.896104,2026-02-27 15:32:39.517589,0 days 00:00:00.621485,48,2,3,857,COMPLETE
104,-0.3971517421532897,2026-02-27 15:32:39.534715,2026-02-27 15:32:40.888586,0 days 00:00:01.353871,45,3,3,2021,COMPLETE
105,-0.362629016351734,2026-02-27 15:32:40.905202,2026-02-27 15:32:41.302483,0 days 00:00:00.397281,41,1,2,512,COMPLETE
106,-0.37992223623603094,2026-02-27 15:32:41.320019,2026-02-27 15:32:41.729291,0 days 00:00:00.409272,41,2,2,508,COMPLETE
107,-0.37803086984471096,2026-02-27 15:32:41.748966,2026-02-27 15:32:42.716547,0 days 00:00:00.967581,43,2,3,1389,COMPLETE
108,-0.3615631344682857,2026-02-27 15:32:42.735755,2026-02-27 15:32:43.268638,0 days 00:00:00.532883,39,1,2,704,COMPLETE
109,-0.3607872369695729,2026-02-27 15:32:43.288466,2026-02-27 15:32:44.025437,0 days 00:00:00.736971,38,1,3,1029,COMPLETE
110,-0.6260655085209581,2026-02-27 15:32:44.041617,2026-02-27 15:32:44.822017,0 days 00:00:00.780400,44,14,3,1168,COMPLETE
111,-0.41807689787674673,2026-02-27 15:32:44.841746,2026-02-27 15:32:45.588748,0 days 00:00:00.747002,39,1,16,1035,COMPLETE
112,-0.36102435968244595,2026-02-27 15:32:45.608582,2026-02-27 15:32:46.157104,0 days 00:00:00.548522,39,1,2,711,COMPLETE
113,-0.3786649838044338,2026-02-27 15:32:46.176962,2026-02-27 15:32:47.459639,0 days 00:00:01.282677,43,2,3,1905,COMPLETE
114,-0.3967666219873294,2026-02-27 15:32:47.479832,2026-02-27 15:32:48.459823,0 days 00:00:00.979991,40,3,2,1427,COMPLETE
115,-0.3600542705601907,2026-02-27 15:32:48.476030,2026-02-27 15:32:49.577847,0 days 00:00:01.101817,46,1,3,1601,COMPLETE
116,-0.37939009261787754,2026-02-27 15:32:49.598260,2026-02-27 15:32:50.719878,0 days 00:00:01.121618,46,2,5,1638,COMPLETE
117,-0.3606256115148073,2026-02-27 15:32:50.739812,2026-02-27 15:32:51.317936,0 days 00:00:00.578124,49,1,2,787,COMPLETE
118,-0.3820961791129259,2026-02-27 15:32:51.334454,2026-02-27 15:32:51.502263,0 days 00:00:00.167809,48,2,3,127,COMPLETE
119,-0.36041157274510244,2026-02-27 15:32:51.522445,2026-02-27 15:32:52.186644,0 days 00:00:00.664199,49,1,3,930,COMPLETE
120,-0.3583741212793508,2026-02-27 15:32:52.206595,2026-02-27 15:32:52.986321,0 days 00:00:00.779726,46,1,2,1107,COMPLETE
121,-0.35964463863637447,2026-02-27 15:32:53.006019,2026-02-27 15:32:53.724008,0 days 00:00:00.717989,47,1,2,1003,COMPLETE
122,-0.3806216555872468,2026-02-27 15:32:53.743397,2026-02-27 15:32:54.060154,0 days 00:00:00.316757,47,2,2,357,COMPLETE
123,-0.3596099904083259,2026-02-27 15:32:54.080328,2026-02-27 15:32:54.739402,0 days 00:00:00.659074,45,1,2,879,COMPLETE
124,-0.3772741640184709,2026-02-27 15:32:54.759537,2026-02-27 15:32:55.646684,0 days 00:00:00.887147,45,2,2,1258,COMPLETE
125,-0.3573340350003022,2026-02-27 15:32:55.666964,2026-02-27 15:32:56.756170,0 days 00:00:01.089206,49,1,2,1584,COMPLETE
126,-0.35793960240303024,2026-02-27 15:32:56.774584,2026-02-27 15:32:57.938988,0 days 00:00:01.164404,46,1,2,1697,COMPLETE
127,-0.40835535660148026,2026-02-27 15:32:57.959105,2026-02-27 15:32:59.161866,0 days 00:00:01.202761,46,4,2,1771,COMPLETE
128,-0.37793269839373267,2026-02-27 15:32:59.181512,2026-02-27 15:33:00.183414,0 days 00:00:01.001902,44,2,2,1445,COMPLETE
129,-0.3586449312801284,2026-02-27 15:33:00.203377,2026-02-27 15:33:01.967744,0 days 00:00:01.764367,46,1,2,2645,COMPLETE
130,-0.39727800629541343,2026-02-27 15:33:01.988816,2026-02-27 15:33:03.682809,0 days 00:00:01.693993,46,3,2,2577,COMPLETE
131,-0.3570208005687616,2026-02-27 15:33:03.702432,2026-02-27 15:33:04.787801,0 days 00:00:01.085369,45,1,2,1552,COMPLETE
132,-0.3584765936191383,2026-02-27 15:33:04.807846,2026-02-27 15:33:06.342676,0 days 00:00:01.534830,43,1,2,2307,COMPLETE
133,-0.3787415638525721,2026-02-27 15:33:06.362382,2026-02-27 15:33:07.916972,0 days 00:00:01.554590,45,2,2,2316,COMPLETE
134,-0.35821558718577584,2026-02-27 15:33:07.937031,2026-02-27 15:33:09.270736,0 days 00:00:01.333705,47,1,2,1972,COMPLETE
135,-0.358088394554835,2026-02-27 15:33:09.291104,2026-02-27 15:33:10.594846,0 days 00:00:01.303742,47,1,2,1930,COMPLETE
136,-0.3788031814353665,2026-02-27 15:33:10.611010,2026-02-27 15:33:11.933579,0 days 00:00:01.322569,44,2,2,1953,COMPLETE
137,-0.35827902900014374,2026-02-27 15:33:11.952585,2026-02-27 15:33:13.458022,0 days 00:00:01.505437,47,1,2,2256,COMPLETE
138,-0.47643801894742294,2026-02-27 15:33:13.477975,2026-02-27 15:33:14.984231,0 days 00:00:01.506256,47,12,2,2317,COMPLETE
139,-0.3790551549659651,2026-02-27 15:33:15.004286,2026-02-27 15:33:16.771280,0 days 00:00:01.766994,43,2,2,2596,COMPLETE
140,-0.35814303594739627,2026-02-27 15:33:16.791385,2026-02-27 15:33:18.304640,0 days 00:00:01.513255,45,1,2,2231,COMPLETE
141,-0.3579199232795264,2026-02-27 15:33:18.324764,2026-02-27 15:33:19.574890,0 days 00:00:01.250126,45,1,2,1869,COMPLETE
142,-0.3592377204971406,2026-02-27 15:33:19.591167,2026-02-27 15:33:21.445256,0 days 00:00:01.854089,45,1,2,2780,COMPLETE
143,-0.35829627294593697,2026-02-27 15:33:21.465496,2026-02-27 15:33:22.947307,0 days 00:00:01.481811,43,1,2,2186,COMPLETE
144,-0.3786910148965456,2026-02-27 15:33:22.967312,2026-02-27 15:33:24.445118,0 days 00:00:01.477806,43,2,2,2198,COMPLETE
145,-0.3580133151284727,2026-02-27 15:33:24.465282,2026-02-27 15:33:25.759582,0 days 00:00:01.294300,44,1,2,1915,COMPLETE
146,-0.37865863945424266,2026-02-27 15:33:25.779297,2026-02-27 15:33:27.123800,0 days 00:00:01.344503,41,2,2,1999,COMPLETE
147,-0.3582504982367053,2026-02-27 15:33:27.140294,2026-02-27 15:33:28.453828,0 days 00:00:01.313534,44,1,2,1941,COMPLETE
148,-0.3578095208991994,2026-02-27 15:33:28.474073,2026-02-27 15:33:29.727694,0 days 00:00:01.253621,44,1,2,1808,COMPLETE
149,-0.35785122955679527,2026-02-27 15:33:29.747499,2026-02-27 15:33:31.030110,0 days 00:00:01.282611,44,1,2,1878,COMPLETE
150,-0.37860101759462744,2026-02-27 15:33:31.050193,2026-02-27 15:33:32.343344,0 days 00:00:01.293151,44,2,3,1879,COMPLETE
151,-0.35848884941148845,2026-02-27 15:33:32.362924,2026-02-27 15:33:33.806831,0 days 00:00:01.443907,44,1,2,2139,COMPLETE
152,-0.3578371710221876,2026-02-27 15:33:33.826752,2026-02-27 15:33:35.046206,0 days 00:00:01.219454,45,1,2,1807,COMPLETE
153,-0.358073854513187,2026-02-27 15:33:35.063714,2026-02-27 15:33:36.315600,0 days 00:00:01.251886,45,1,2,1835,COMPLETE
154,-0.36065506133573755,2026-02-27 15:33:36.331630,2026-02-27 15:33:37.531708,0 days 00:00:01.200078,45,1,3,1778,COMPLETE
155,-0.37783850323561696,2026-02-27 15:33:37.548934,2026-02-27 15:33:38.650880,0 days 00:00:01.101946,47,2,2,1604,COMPLETE
156,-0.39710084053315375,2026-02-27 15:33:38.670771,2026-02-27 15:33:39.974516,0 days 00:00:01.303745,44,3,2,1968,COMPLETE
157,-0.4064141988327634,2026-02-27 15:33:39.994736,2026-02-27 15:33:41.217342,0 days 00:00:01.222606,45,1,14,1805,COMPLETE
158,-0.3779885982036304,2026-02-27 15:33:41.237711,2026-02-27 15:33:42.239917,0 days 00:00:01.002206,42,2,3,1443,COMPLETE
159,-0.36086222970035875,2026-02-27 15:33:42.258550,2026-02-27 15:33:43.871293,0 days 00:00:01.612743,47,1,3,2439,COMPLETE
160,-0.3585460907496267,2026-02-27 15:33:43.891375,2026-02-27 15:33:45.344874,0 days 00:00:01.453499,45,1,2,2152,COMPLETE
161,-0.3577061147881445,2026-02-27 15:33:45.364291,2026-02-27 15:33:46.468631,0 days 00:00:01.104340,46,1,2,1611,COMPLETE
162,-0.35700216311214505,2026-02-27 15:33:46.491200,2026-02-27 15:33:47.553132,0 days 00:00:01.061932,48,1,2,1536,COMPLETE
163,-0.3570971975523135,2026-02-27 15:33:47.573395,2026-02-27 15:33:48.654538,0 days 00:00:01.081143,48,1,2,1542,COMPLETE
164,-0.37742054120446344,2026-02-27 15:33:48.671246,2026-02-27 15:33:49.725543,0 days 00:00:01.054297,48,2,3,1537,COMPLETE
165,-0.35796756230350646,2026-02-27 15:33:49.746217,2026-02-27 15:33:50.666665,0 days 00:00:00.920448,46,1,2,1320,COMPLETE
166,-0.3772399978547725,2026-02-27 15:33:50.684012,2026-02-27 15:33:51.576203,0 days 00:00:00.892191,48,2,2,1267,COMPLETE
167,-0.36046952707241486,2026-02-27 15:33:51.596664,2026-02-27 15:33:52.778789,0 days 00:00:01.182125,46,1,3,1715,COMPLETE
168,-0.35849544700044506,2026-02-27 15:33:52.798766,2026-02-27 15:33:53.731786,0 days 00:00:00.933020,49,1,2,1345,COMPLETE
169,-0.3774272528786059,2026-02-27 15:33:53.752011,2026-02-27 15:33:54.805413,0 days 00:00:01.053402,46,2,3,1538,COMPLETE
170,-0.35808718282811286,2026-02-27 15:33:54.826074,2026-02-27 15:33:56.071649,0 days 00:00:01.245575,48,1,2,1837,COMPLETE
171,-0.3579552539802437,2026-02-27 15:33:56.091388,2026-02-27 15:33:57.300687,0 days 00:00:01.209299,48,1,2,1783,COMPLETE
172,-0.357781368125844,2026-02-27 15:33:57.320820,2026-02-27 15:33:58.553474,0 days 00:00:01.232654,48,1,2,1797,COMPLETE
173,-0.3578168505444178,2026-02-27 15:33:58.573986,2026-02-27 15:33:59.725431,0 days 00:00:01.151445,48,1,2,1716,COMPLETE
174,-0.37816742172591333,2026-02-27 15:33:59.745147,2026-02-27 15:34:00.919717,0 days 00:00:01.174570,49,2,3,1724,COMPLETE
175,-0.35712197559597303,2026-02-27 15:34:00.939589,2026-02-27 15:34:02.003137,0 days 00:00:01.063548,48,1,2,1543,COMPLETE
176,-0.3774293404734386,2026-02-27 15:34:02.020292,2026-02-27 15:34:03.067153,0 days 00:00:01.046861,49,2,2,1504,COMPLETE
177,-0.3604204250773088,2026-02-27 15:34:03.087330,2026-02-27 15:34:03.971956,0 days 00:00:00.884626,48,1,3,1237,COMPLETE
178,-0.35770523910892515,2026-02-27 15:34:03.991877,2026-02-27 15:34:05.105521,0 days 00:00:01.113644,49,1,2,1613,COMPLETE
179,-0.37761908674615985,2026-02-27 15:34:05.125547,2026-02-27 15:34:06.192125,0 days 00:00:01.066578,49,2,2,1571,COMPLETE
180,-0.666938524630462,2026-02-27 15:34:06.212420,2026-02-27 15:34:07.037619,0 days 00:00:00.825199,50,20,3,1328,COMPLETE
181,-0.3577929198223804,2026-02-27 15:34:07.057433,2026-02-27 15:34:08.213391,0 days 00:00:01.155958,48,1,2,1651,COMPLETE
182,-0.357832890659729,2026-02-27 15:34:08.233596,2026-02-27 15:34:09.376030,0 days 00:00:01.142434,48,1,2,1637,COMPLETE
183,-0.3572453611069279,2026-02-27 15:34:09.396385,2026-02-27 15:34:10.459663,0 days 00:00:01.063278,48,1,2,1511,COMPLETE
184,-0.41818637754572957,2026-02-27 15:34:10.479472,2026-02-27 15:34:11.589419,0 days 00:00:01.109947,48,7,2,1642,COMPLETE
185,-0.3596284680216707,2026-02-27 15:34:11.609226,2026-02-27 15:34:12.643297,0 days 00:00:01.034071,49,1,3,1507,COMPLETE
186,-0.3578411776238931,2026-02-27 15:34:12.663491,2026-02-27 15:34:13.835001,0 days 00:00:01.171510,50,1,2,1727,COMPLETE
187,-0.37689891324398644,2026-02-27 15:34:13.851895,2026-02-27 15:34:14.704545,0 days 00:00:00.852650,50,2,2,1188,COMPLETE
188,-0.3585901617867406,2026-02-27 15:34:14.725160,2026-02-27 15:34:20.949350,0 days 00:00:06.224190,49,1,3,9811,COMPLETE
189,-0.35758233133533196,2026-02-27 15:34:20.976851,2026-02-27 15:34:21.999093,0 days 00:00:01.022242,47,1,2,1457,COMPLETE
190,-0.3773796324930365,2026-02-27 15:34:22.020596,2026-02-27 15:34:23.103733,0 days 00:00:01.083137,47,2,3,1548,COMPLETE
191,-0.35787898097054704,2026-02-27 15:34:23.120659,2026-02-27 15:34:24.257853,0 days 00:00:01.137194,48,1,2,1688,COMPLETE
192,-0.3580967653393511,2026-02-27 15:34:24.277704,2026-02-27 15:34:25.220544,0 days 00:00:00.942840,50,1,2,1358,COMPLETE
193,-0.35784696427630935,2026-02-27 15:34:25.237217,2026-02-27 15:34:26.411378,0 days 00:00:01.174161,48,1,2,1703,COMPLETE
194,-0.35791207614066795,2026-02-27 15:34:26.431062,2026-02-27 15:34:27.587524,0 days 00:00:01.156462,48,1,2,1689,COMPLETE
195,-0.35742958080540976,2026-02-27 15:34:27.603803,2026-02-27 15:34:28.614698,0 days 00:00:01.010895,48,1,2,1490,COMPLETE
196,-0.35813847998975,2026-02-27 15:34:28.635852,2026-02-27 15:34:29.429220,0 days 00:00:00.793368,49,1,2,1127,COMPLETE
197,-0.37790251510332346,2026-02-27 15:34:29.447997,2026-02-27 15:34:30.401163,0 days 00:00:00.953166,48,2,2,1342,COMPLETE
198,-0.43121637714654903,2026-02-27 15:34:30.421073,2026-02-27 15:34:31.807123,0 days 00:00:01.386050,50,1,20,2057,COMPLETE
199,-0.35978365102388443,2026-02-27 15:34:31.827074,2026-02-27 15:34:32.879020,0 days 00:00:01.051946,47,1,3,1491,COMPLETE
200,-0.37841247912500053,2026-02-27 15:34:32.898889,2026-02-27 15:34:34.029101,0 days 00:00:01.130212,48,2,2,1679,COMPLETE
201,-0.3578373000628262,2026-02-27 15:34:34.049346,2026-02-27 15:34:35.201429,0 days 00:00:01.152083,48,1,2,1685,COMPLETE
202,-0.4261281233415768,2026-02-27 15:34:35.219849,2026-02-27 15:34:36.264187,0 days 00:00:01.044338,47,8,2,1519,COMPLETE
203,-0.3579649833012154,2026-02-27 15:34:36.283817,2026-02-27 15:34:37.507496,0 days 00:00:01.223679,49,1,2,1766,COMPLETE
204,-0.35793447330061284,2026-02-27 15:34:37.524237,2026-02-27 15:34:38.357314,0 days 00:00:00.833077,47,1,2,1159,COMPLETE
205,-0.36085785548955707,2026-02-27 15:34:38.375373,2026-02-27 15:34:39.771782,0 days 00:00:01.396409,49,1,3,2089,COMPLETE
206,-0.3780617930207059,2026-02-27 15:34:39.791753,2026-02-27 15:34:40.733441,0 days 00:00:00.941688,50,2,2,1365,COMPLETE
207,-0.3578373000628262,2026-02-27 15:34:40.753689,2026-02-27 15:34:41.894308,0 days 00:00:01.140619,48,1,2,1685,COMPLETE
208,-0.3595843871128094,2026-02-27 15:34:41.914383,2026-02-27 15:34:42.956575,0 days 00:00:01.042192,47,1,3,1503,COMPLETE
209,-0.3788139982270552,2026-02-27 15:34:42.971471,2026-02-27 15:34:44.346393,0 days 00:00:01.374922,49,2,2,2047,COMPLETE
210,-0.3592699068691779,2026-02-27 15:34:44.366504,2026-02-27 15:34:45.088434,0 days 00:00:00.721930,48,1,2,1009,COMPLETE
211,-0.35784117762389306,2026-02-27 15:34:45.108795,2026-02-27 15:34:46.276551,0 days 00:00:01.167756,48,1,2,1727,COMPLETE
212,-0.3579868914943833,2026-02-27 15:34:46.293607,2026-02-27 15:34:47.515705,0 days 00:00:01.222098,46,1,2,1781,COMPLETE
213,-0.35764968253237506,2026-02-27 15:34:47.535543,2026-02-27 15:34:48.551084,0 days 00:00:01.015541,49,1,2,1447,COMPLETE
214,-0.35806654961401163,2026-02-27 15:34:48.570593,2026-02-27 15:34:49.513803,0 days 00:00:00.943210,49,1,2,1331,COMPLETE
215,-0.37742054120446344,2026-02-27 15:34:49.533113,2026-02-27 15:34:50.611023,0 days 00:00:01.077910,50,2,2,1537,COMPLETE
216,-0.3601052556142855,2026-02-27 15:34:50.627821,2026-02-27 15:34:51.490064,0 days 00:00:00.862243,48,1,3,1200,COMPLETE
217,-0.36040851787108047,2026-02-27 15:34:51.508352,2026-02-27 15:34:52.612323,0 days 00:00:01.103971,47,1,3,1632,COMPLETE
218,-0.37791669217101226,2026-02-27 15:34:52.630383,2026-02-27 15:34:53.613810,0 days 00:00:00.983427,49,2,2,1426,COMPLETE
219,-0.35797237607927335,2026-02-27 15:34:53.634358,2026-02-27 15:34:54.899269,0 days 00:00:01.264911,48,1,2,1885,COMPLETE
220,-0.35996970601541617,2026-02-27 15:34:54.915930,2026-02-27 15:34:56.007698,0 days 00:00:01.091768,50,1,3,1599,COMPLETE
221,-0.35823639408563457,2026-02-27 15:34:56.027608,2026-02-27 15:34:57.279754,0 days 00:00:01.252146,47,1,2,1859,COMPLETE
222,-0.3584536198978757,2026-02-27 15:34:57.297656,2026-02-27 15:34:58.673518,0 days 00:00:01.375862,48,1,2,2031,COMPLETE
223,-0.35786139866944716,2026-02-27 15:34:58.693320,2026-02-27 15:34:59.863429,0 days 00:00:01.170109,46,1,2,1750,COMPLETE
224,-0.3577319838621304,2026-02-27 15:34:59.882069,2026-02-27 15:35:00.877536,0 days 00:00:00.995467,49,1,2,1433,COMPLETE
225,-0.37784434430333014,2026-02-27 15:35:00.893476,2026-02-27 15:35:01.934911,0 days 00:00:01.041435,49,2,2,1429,COMPLETE
226,-0.3579604586061631,2026-02-27 15:35:01.954739,2026-02-27 15:35:02.819923,0 days 00:00:00.865184,50,1,2,1192,COMPLETE
227,-0.35996970601541617,2026-02-27 15:35:02.836832,2026-02-27 15:35:03.929924,0 days 00:00:01.093092,48,1,3,1599,COMPLETE
228,-0.37810177536642986,2026-02-27 15:35:03.948817,2026-02-27 15:35:04.909289,0 days 00:00:00.960472,47,2,2,1370,COMPLETE
229,-0.3578127520766955,2026-02-27 15:35:04.929687,2026-02-27 15:35:06.092847,0 days 00:00:01.163160,49,1,2,1692,COMPLETE
230,-0.3591765219798616,2026-02-27 15:35:06.109752,2026-02-27 15:35:06.864051,0 days 00:00:00.754299,49,1,2,1016,COMPLETE
231,-0.3579522018242197,2026-02-27 15:35:06.883893,2026-02-27 15:35:08.026577,0 days 00:00:01.142684,48,1,2,1687,COMPLETE
232,-0.35748957160914374,2026-02-27 15:35:08.044450,2026-02-27 15:35:09.056445,0 days 00:00:01.011995,49,1,2,1486,COMPLETE
233,-0.42955206844580013,2026-02-27 15:35:09.076321,2026-02-27 15:35:10.101461,0 days 00:00:01.025140,50,1,19,1463,COMPLETE
234,-0.6667947094298261,2026-02-27 15:35:10.121497,2026-02-27 15:35:10.916786,0 days 00:00:00.795289,49,18,2,1277,COMPLETE
235,-0.35700216311214505,2026-02-27 15:35:10.936700,2026-02-27 15:35:12.032014,0 days 00:00:01.095314,49,1,2,1536,COMPLETE
236,-0.3603501952309318,2026-02-27 15:35:12.049228,2026-02-27 15:35:13.032035,0 days 00:00:00.982807,47,1,3,1429,COMPLETE
237,-0.37671381175583835,2026-02-27 15:35:13.050091,2026-02-27 15:35:13.882799,0 days 00:00:00.832708,49,2,2,1145,COMPLETE
238,-0.3582543591758257,2026-02-27 15:35:13.899613,2026-02-27 15:35:15.228678,0 days 00:00:01.329065,47,1,2,1940,COMPLETE
239,-0.37725648094666553,2026-02-27 15:35:15.248677,2026-02-27 15:35:16.298031,0 days 00:00:01.049354,48,2,3,1521,COMPLETE
240,-0.35823718070602395,2026-02-27 15:35:16.317073,2026-02-27 15:35:17.192752,0 days 00:00:00.875679,46,1,2,1243,COMPLETE
241,-0.35797873224640264,2026-02-27 15:35:17.209711,2026-02-27 15:35:18.425033,0 days 00:00:01.215322,50,1,2,1775,COMPLETE
242,-0.35702103286959436,2026-02-27 15:35:18.444468,2026-02-27 15:35:19.530824,0 days 00:00:01.086356,49,1,2,1561,COMPLETE
243,-0.35696151142074395,2026-02-27 15:35:19.548790,2026-02-27 15:35:20.594002,0 days 00:00:01.045212,49,1,2,1527,COMPLETE
244,-0.35696151142074395,2026-02-27 15:35:20.614093,2026-02-27 15:35:21.658904,0 days 00:00:01.044811,49,1,2,1527,COMPLETE
245,-0.35764937981461575,2026-02-27 15:35:21.679904,2026-02-27 15:35:22.682417,0 days 00:00:01.002513,49,1,2,1446,COMPLETE
246,-0.35772489421633563,2026-02-27 15:35:22.702445,2026-02-27 15:35:23.726787,0 days 00:00:01.024342,49,1,2,1435,COMPLETE
247,-0.35943643960711014,2026-02-27 15:35:23.747044,2026-02-27 15:35:24.402606,0 days 00:00:00.655562,49,1,2,886,COMPLETE
248,-0.3780538434518431,2026-02-27 15:35:24.420003,2026-02-27 15:35:25.374633,0 days 00:00:00.954630,49,2,3,1385,COMPLETE
249,-0.3580056956627626,2026-02-27 15:35:25.394432,2026-02-27 15:35:26.197343,0 days 00:00:00.802911,50,1,2,1123,COMPLETE
250,-0.3776097471126568,2026-02-27 15:35:26.215721,2026-02-27 15:35:27.248828,0 days 00:00:01.033107,49,2,2,1489,COMPLETE
251,-0.360047295473767,2026-02-27 15:35:27.265914,2026-02-27 15:35:28.181313,0 days 00:00:00.915399,49,1,3,1286,COMPLETE
252,-0.357456807309353,2026-02-27 15:35:28.201568,2026-02-27 15:35:29.250494,0 days 00:00:01.048926,50,1,2,1482,COMPLETE
253,-0.3588527169319288,2026-02-27 15:35:29.270965,2026-02-27 15:35:30.035891,0 days 00:00:00.764926,50,1,2,1045,COMPLETE
254,-0.37786919870117563,2026-02-27 15:35:30.056300,2026-02-27 15:35:31.040950,0 days 00:00:00.984650,50,2,3,1427,COMPLETE
255,-0.357299805260831,2026-02-27 15:35:31.060241,2026-02-27 15:35:32.103583,0 days 00:00:01.043342,49,1,2,1509,COMPLETE
256,-0.443158095437424,2026-02-27 15:35:32.122983,2026-02-27 15:35:33.047887,0 days 00:00:00.924904,49,10,2,1333,COMPLETE
257,-0.4149142223279118,2026-02-27 15:35:33.067651,2026-02-27 15:35:33.910898,0 days 00:00:00.843247,50,6,2,1210,COMPLETE
258,-0.3595904814407219,2026-02-27 15:35:33.930880,2026-02-27 15:35:34.975604,0 days 00:00:01.044724,49,1,3,1520,COMPLETE
259,-0.37945015802890103,2026-02-27 15:35:34.995489,2026-02-27 15:35:35.537759,0 days 00:00:00.542270,50,2,2,745,COMPLETE
260,-0.35721420689954164,2026-02-27 15:35:35.558230,2026-02-27 15:35:36.600766,0 days 00:00:01.042536,47,1,2,1518,COMPLETE
261,-0.3601940600664161,2026-02-27 15:35:36.618066,2026-02-27 15:35:37.516359,0 days 00:00:00.898293,47,1,3,1280,COMPLETE
262,-0.35955441599108695,2026-02-27 15:35:37.536101,2026-02-27 15:35:38.272433,0 days 00:00:00.736332,47,1,2,994,COMPLETE
263,-0.37749247615313586,2026-02-27 15:35:38.292117,2026-02-27 15:35:39.305418,0 days 00:00:01.013301,48,2,2,1494,COMPLETE
264,-0.3596192762374487,2026-02-27 15:35:39.325375,2026-02-27 15:35:40.353333,0 days 00:00:01.027958,47,1,3,1506,COMPLETE
265,-0.3579904013341878,2026-02-27 15:35:40.373378,2026-02-27 15:35:41.198514,0 days 00:00:00.825136,49,1,2,1156,COMPLETE
266,-0.41726320422357494,2026-02-27 15:35:41.218882,2026-02-27 15:35:42.155179,0 days 00:00:00.936297,46,2,16,1357,COMPLETE
267,-0.3580021463207729,2026-02-27 15:35:42.175124,2026-02-27 15:35:43.491622,0 days 00:00:01.316498,48,1,2,1919,COMPLETE
268,-0.3597418388226627,2026-02-27 15:35:43.510403,2026-02-27 15:35:44.606266,0 days 00:00:01.095863,50,1,3,1556,COMPLETE
269,-0.377306928673921,2026-02-27 15:35:44.626629,2026-02-27 15:35:45.567377,0 days 00:00:00.940748,48,2,2,1301,COMPLETE
270,-0.3570997517324558,2026-02-27 15:35:45.584255,2026-02-27 15:35:46.650997,0 days 00:00:01.066742,49,1,2,1560,COMPLETE
271,-0.35953419056637154,2026-02-27 15:35:46.671502,2026-02-27 15:35:47.384582,0 days 00:00:00.713080,49,1,2,972,COMPLETE
272,-0.3774350614430104,2026-02-27 15:35:47.401322,2026-02-27 15:35:48.489252,0 days 00:00:01.087930,49,2,3,1551,COMPLETE
273,-0.3580310220915224,2026-02-27 15:35:48.509081,2026-02-27 15:35:49.342476,0 days 00:00:00.833395,50,1,2,1169,COMPLETE
274,-0.3848616040535122,2026-02-27 15:35:49.359175,2026-02-27 15:35:50.323987,0 days 00:00:00.964812,48,1,10,1402,COMPLETE
275,-0.37783923060851654,2026-02-27 15:35:50.340920,2026-02-27 15:35:51.432799,0 days 00:00:01.091879,47,2,2,1591,COMPLETE
276,-0.3610511142785721,2026-02-27 15:35:51.449613,2026-02-27 15:35:52.803369,0 days 00:00:01.353756,49,1,3,2041,COMPLETE
277,-0.35799283169233287,2026-02-27 15:35:52.821160,2026-02-27 15:35:53.741825,0 days 00:00:00.920665,50,1,2,1318,COMPLETE
278,-0.37755850386694684,2026-02-27 15:35:53.759445,2026-02-27 15:35:54.802292,0 days 00:00:01.042847,48,2,2,1559,COMPLETE
279,-0.3583068571736726,2026-02-27 15:35:54.818992,2026-02-27 15:35:55.579392,0 days 00:00:00.760400,49,1,2,1099,COMPLETE
280,-0.4019346725082042,2026-02-27 15:35:55.597000,2026-02-27 15:35:56.832208,0 days 00:00:01.235208,47,1,13,1844,COMPLETE
281,-0.37808737680564447,2026-02-27 15:35:56.849053,2026-02-27 15:35:57.800273,0 days 00:00:00.951220,50,2,3,1381,COMPLETE
282,-0.3576591965860098,2026-02-27 15:35:57.816878,2026-02-27 15:35:58.908245,0 days 00:00:01.091367,48,1,2,1601,COMPLETE
283,-0.3591036762176758,2026-02-27 15:35:58.924588,2026-02-27 15:35:59.583677,0 days 00:00:00.659089,46,1,2,915,COMPLETE
284,-0.3772467143718695,2026-02-27 15:35:59.600606,2026-02-27 15:36:00.631978,0 days 00:00:01.031372,48,2,2,1527,COMPLETE
285,-0.6258859974421742,2026-02-27 15:36:00.649103,2026-02-27 15:36:01.424014,0 days 00:00:00.774911,49,14,3,1203,COMPLETE
286,-0.3581017906121965,2026-02-27 15:36:01.441386,2026-02-27 15:36:02.775289,0 days 00:00:01.333903,47,1,2,1985,COMPLETE
287,-0.36100047188788104,2026-02-27 15:36:02.793386,2026-02-27 15:36:04.006844,0 days 00:00:01.213458,50,1,3,1839,COMPLETE
288,-0.6664660657507845,2026-02-27 15:36:04.023137,2026-02-27 15:36:04.893965,0 days 00:00:00.870828,48,16,2,1385,COMPLETE
289,-0.3773441579658264,2026-02-27 15:36:04.910290,2026-02-27 15:36:05.962613,0 days 00:00:01.052323,49,2,2,1520,COMPLETE
290,-0.357601068473547,2026-02-27 15:36:05.979812,2026-02-27 15:36:07.121622,0 days 00:00:01.141810,47,1,2,1662,COMPLETE
291,-0.3605083555213621,2026-02-27 15:36:07.139026,2026-02-27 15:36:07.899257,0 days 00:00:00.760231,47,1,3,1084,COMPLETE
292,-0.3571341504576084,2026-02-27 15:36:07.916083,2026-02-27 15:36:12.770088,0 days 00:00:04.854005,46,1,2,7572,COMPLETE
293,-0.37845747242222294,2026-02-27 15:36:12.794081,2026-02-27 15:36:13.937188,0 days 00:00:01.143107,46,2,2,1687,COMPLETE
294,-0.4072987816995689,2026-02-27 15:36:13.953898,2026-02-27 15:36:14.485964,0 days 00:00:00.532066,46,1,14,694,COMPLETE
295,-0.3588887925369173,2026-02-27 15:36:14.502692,2026-02-27 15:36:20.211254,0 days 00:00:05.708562,47,1,3,8999,COMPLETE
296,-0.3978946980868793,2026-02-27 15:36:20.228257,2026-02-27 15:36:26.428588,0 days 00:00:06.200331,46,2,11,9917,COMPLETE
297,-0.3574621108207111,2026-02-27 15:36:26.444754,2026-02-27 15:36:30.242112,0 days 00:00:03.797358,48,1,2,5973,COMPLETE
298,-0.35745610309104897,2026-02-27 15:36:30.258731,2026-02-27 15:36:34.126330,0 days 00:00:03.867599,47,1,2,6063,COMPLETE
299,-0.35773313295122616,2026-02-27 15:36:34.149643,2026-02-27 15:36:38.300867,0 days 00:00:04.151224,9,1,2,6356,COMPLETE
300,-0.3778475550035318,2026-02-27 15:36:38.318546,2026-02-27 15:36:43.525195,0 days 00:00:05.206649,47,2,3,8256,COMPLETE
301,-0.3574562142438378,2026-02-27 15:36:43.548920,2026-02-27 15:36:48.142064,0 days 00:00:04.593144,48,1,2,7171,COMPLETE
302,-0.3572264512295893,2026-02-27 15:36:48.165386,2026-02-27 15:36:52.842393,0 days 00:00:04.677007,48,1,2,7322,COMPLETE
303,-0.3784817056471698,2026-02-27 15:36:52.870232,2026-02-27 15:36:57.297426,0 days 00:00:04.427194,33,2,2,7024,COMPLETE
304,-0.3570554270618341,2026-02-27 15:36:57.317477,2026-02-27 15:37:02.420219,0 days 00:00:05.102742,47,1,2,7965,COMPLETE
305,-0.42657383393768455,2026-02-27 15:37:02.442230,2026-02-27 15:37:07.201324,0 days 00:00:04.759094,46,8,3,7528,COMPLETE
306,-0.35716484658796854,2026-02-27 15:37:07.220532,2026-02-27 15:37:11.952993,0 days 00:00:04.732461,47,1,2,7395,COMPLETE
307,-0.47665143328001436,2026-02-27 15:37:11.973035,2026-02-27 15:37:16.550047,0 days 00:00:04.577012,7,12,3,7340,COMPLETE
308,-0.35749610995093817,2026-02-27 15:37:16.568344,2026-02-27 15:37:20.492316,0 days 00:00:03.923972,47,1,2,6074,COMPLETE
309,-0.3780916880408501,2026-02-27 15:37:20.511912,2026-02-27 15:37:25.533818,0 days 00:00:05.021906,46,2,2,7856,COMPLETE
310,-0.3570554625013466,2026-02-27 15:37:25.564307,2026-02-27 15:37:30.545587,0 days 00:00:04.981280,47,1,2,7858,COMPLETE
311,-0.41303473145254604,2026-02-27 15:37:30.565710,2026-02-27 15:37:34.494360,0 days 00:00:03.928650,46,5,3,6089,COMPLETE
312,-0.3570597930436318,2026-02-27 15:37:34.522919,2026-02-27 15:37:39.596270,0 days 00:00:05.073351,47,1,2,7862,COMPLETE
313,-0.3780054316531162,2026-02-27 15:37:39.616457,2026-02-27 15:37:44.688172,0 days 00:00:05.071715,48,2,4,8015,COMPLETE
314,-0.35715306867249524,2026-02-27 15:37:44.713723,2026-02-27 15:37:49.457216,0 days 00:00:04.743493,48,1,2,7417,COMPLETE
315,-0.3570869573319647,2026-02-27 15:37:49.485434,2026-02-27 15:37:54.286493,0 days 00:00:04.801059,45,1,2,7603,COMPLETE
316,-0.35715003611123014,2026-02-27 15:37:54.312962,2026-02-27 15:37:59.041904,0 days 00:00:04.728942,45,1,2,7396,COMPLETE
317,-0.39617657946099893,2026-02-27 15:37:59.067621,2026-02-27 15:38:03.779958,0 days 00:00:04.712337,46,3,3,7408,COMPLETE
318,-0.3780677667201116,2026-02-27 15:38:03.799950,2026-02-27 15:38:08.729346,0 days 00:00:04.929396,46,2,2,7761,COMPLETE
319,-0.3574043600343179,2026-02-27 15:38:08.746794,2026-02-27 15:38:13.359517,0 days 00:00:04.612723,45,1,2,7180,COMPLETE
320,-0.3976405041516252,2026-02-27 15:38:13.379491,2026-02-27 15:38:18.562331,0 days 00:00:05.182840,45,1,12,8174,COMPLETE
321,-0.35930871684580395,2026-02-27 15:38:18.579275,2026-02-27 15:38:23.372034,0 days 00:00:04.792759,45,1,3,7526,COMPLETE
322,-0.3784580495791735,2026-02-27 15:38:23.388594,2026-02-27 15:38:27.783615,0 days 00:00:04.395021,45,2,2,6855,COMPLETE
323,-0.35679544939840957,2026-02-27 15:38:27.800214,2026-02-27 15:38:33.147874,0 days 00:00:05.347660,44,1,2,8407,COMPLETE
324,-0.3588772044582678,2026-02-27 15:38:33.165820,2026-02-27 15:38:38.670543,0 days 00:00:05.504723,44,1,3,8661,COMPLETE
325,-0.3572898097652742,2026-02-27 15:38:38.688587,2026-02-27 15:38:43.372267,0 days 00:00:04.683680,45,1,2,7290,COMPLETE
326,-0.3782348800876013,2026-02-27 15:38:43.392105,2026-02-27 15:38:48.033287,0 days 00:00:04.641182,45,2,2,7286,COMPLETE
327,-0.35900281564449965,2026-02-27 15:38:48.053925,2026-02-27 15:38:53.428405,0 days 00:00:05.374480,44,1,3,8469,COMPLETE
328,-0.3781903059848267,2026-02-27 15:38:53.450240,2026-02-27 15:38:58.328832,0 days 00:00:04.878592,45,2,2,7626,COMPLETE
329,-0.3570613451518615,2026-02-27 15:38:58.347813,2026-02-27 15:39:03.392849,0 days 00:00:05.045036,43,1,2,7944,COMPLETE
330,-0.35704663982658214,2026-02-27 15:39:03.413612,2026-02-27 15:39:08.466516,0 days 00:00:05.052904,43,1,2,7878,COMPLETE
331,-0.3780906914371648,2026-02-27 15:39:08.486911,2026-02-27 15:39:13.674123,0 days 00:00:05.187212,43,2,2,7885,COMPLETE
332,-0.35900970408946264,2026-02-27 15:39:13.694089,2026-02-27 15:39:18.799521,0 days 00:00:05.105432,42,1,3,7960,COMPLETE
333,-0.35708704456813356,2026-02-27 15:39:18.819962,2026-02-27 15:39:23.838600,0 days 00:00:05.018638,43,1,2,7756,COMPLETE
334,-0.35712928804712973,2026-02-27 15:39:23.859185,2026-02-27 15:39:28.746953,0 days 00:00:04.887768,44,1,2,7662,COMPLETE
335,-0.37815338586737035,2026-02-27 15:39:28.766773,2026-02-27 15:39:33.649485,0 days 00:00:04.882712,43,2,3,7670,COMPLETE
336,-0.35683327864982184,2026-02-27 15:39:33.669637,2026-02-27 15:39:39.044446,0 days 00:00:05.374809,43,1,2,8325,COMPLETE
337,-0.35683325136710664,2026-02-27 15:39:39.064203,2026-02-27 15:39:44.383848,0 days 00:00:05.319645,42,1,2,8340,COMPLETE
338,-0.35686126879701346,2026-02-27 15:39:44.403933,2026-02-27 15:39:49.712486,0 days 00:00:05.308553,42,1,2,8344,COMPLETE
339,-0.3900375210039923,2026-02-27 15:39:49.732799,2026-02-27 15:39:55.161852,0 days 00:00:05.429053,41,2,9,8520,COMPLETE
340,-0.42188925213832495,2026-02-27 15:39:55.181983,2026-02-27 15:40:00.419445,0 days 00:00:05.237462,42,1,17,8242,COMPLETE
341,-0.35889931244408524,2026-02-27 15:40:00.436286,2026-02-27 15:40:05.852202,0 days 00:00:05.415916,43,1,3,8412,COMPLETE
342,-0.37788809366913956,2026-02-27 15:40:05.872853,2026-02-27 15:40:11.027335,0 days 00:00:05.154482,42,2,2,8082,COMPLETE
343,-0.396157898764674,2026-02-27 15:40:11.047399,2026-02-27 15:40:15.997488,0 days 00:00:04.950089,43,3,2,7728,COMPLETE
344,-0.3568641440706871,2026-02-27 15:40:16.017465,2026-02-27 15:40:21.345369,0 days 00:00:05.327904,41,1,2,8318,COMPLETE
345,-0.41424322537081776,2026-02-27 15:40:21.365681,2026-02-27 15:40:27.004499,0 days 00:00:05.638818,41,6,2,8837,COMPLETE
346,-0.3588524110799465,2026-02-27 15:40:27.029610,2026-02-27 15:40:32.305067,0 days 00:00:05.275457,42,1,3,8293,COMPLETE
347,-0.35706593981165635,2026-02-27 15:40:32.333137,2026-02-27 15:40:37.410344,0 days 00:00:05.077207,40,1,2,7961,COMPLETE
348,-0.37798411872501286,2026-02-27 15:40:37.438816,2026-02-27 15:40:42.587641,0 days 00:00:05.148825,41,2,3,8065,COMPLETE
349,-0.3619510366104297,2026-02-27 15:40:42.615948,2026-02-27 15:40:47.614180,0 days 00:00:04.998232,40,1,4,7896,COMPLETE
350,-0.37793638149616604,2026-02-27 15:40:47.636415,2026-02-27 15:40:53.096246,0 days 00:00:05.459831,42,2,2,8556,COMPLETE
351,-0.35884339987734143,2026-02-27 15:40:53.125463,2026-02-27 15:40:58.463038,0 days 00:00:05.337575,43,1,3,8323,COMPLETE
352,-0.35685945208556513,2026-02-27 15:40:58.482820,2026-02-27 15:41:03.647571,0 days 00:00:05.164751,40,1,2,8048,COMPLETE
353,-0.3568225916419632,2026-02-27 15:41:03.668246,2026-02-27 15:41:08.873944,0 days 00:00:05.205698,40,1,2,8154,COMPLETE
354,-0.37788147879879896,2026-02-27 15:41:08.892595,2026-02-27 15:41:14.081348,0 days 00:00:05.188753,39,2,2,8102,COMPLETE
355,-0.35897780757316944,2026-02-27 15:41:14.109577,2026-02-27 15:41:19.713390,0 days 00:00:05.603813,41,1,3,8839,COMPLETE
356,-0.43635622242475003,2026-02-27 15:41:19.735107,2026-02-27 15:41:24.710831,0 days 00:00:04.975724,40,9,2,7831,COMPLETE
357,-0.3568121617111252,2026-02-27 15:41:24.739006,2026-02-27 15:41:29.985556,0 days 00:00:05.246550,38,1,2,8177,COMPLETE
358,-0.3779500424137998,2026-02-27 15:41:30.012022,2026-02-27 15:41:35.217756,0 days 00:00:05.205734,38,2,2,8055,COMPLETE
359,-0.3589102764958917,2026-02-27 15:41:35.246614,2026-02-27 15:41:40.593482,0 days 00:00:05.346868,39,1,3,8411,COMPLETE
360,-0.3568787361966777,2026-02-27 15:41:40.614063,2026-02-27 15:41:45.959451,0 days 00:00:05.345388,38,1,2,8228,COMPLETE
361,-0.35686502194586245,2026-02-27 15:41:45.979854,2026-02-27 15:41:51.276013,0 days 00:00:05.296159,38,1,2,8270,COMPLETE
362,-0.35682251288979766,2026-02-27 15:41:51.297530,2026-02-27 15:41:56.654692,0 days 00:00:05.357162,40,1,2,8244,COMPLETE
363,-0.6624055281680254,2026-02-27 15:41:56.674970,2026-02-27 15:42:01.371233,0 days 00:00:04.696263,38,15,2,8199,COMPLETE
364,-0.411519272755078,2026-02-27 15:42:01.392395,2026-02-27 15:42:06.841660,0 days 00:00:05.449265,36,1,15,8638,COMPLETE
365,-0.37787542725881096,2026-02-27 15:42:06.861733,2026-02-27 15:42:12.171476,0 days 00:00:05.309743,37,2,3,8323,COMPLETE
366,-0.3570339237692958,2026-02-27 15:42:12.191567,2026-02-27 15:42:17.277966,0 days 00:00:05.086399,40,1,2,7975,COMPLETE
367,-0.6674861726072042,2026-02-27 15:42:17.298435,2026-02-27 15:42:21.868586,0 days 00:00:04.570151,40,19,2,7998,COMPLETE
368,-0.37786683162462653,2026-02-27 15:42:21.885404,2026-02-27 15:42:27.117880,0 days 00:00:05.232476,38,2,3,8176,COMPLETE
369,-0.35685101152474363,2026-02-27 15:42:27.135383,2026-02-27 15:42:32.558273,0 days 00:00:05.422890,39,1,2,8503,COMPLETE
370,-0.35669025331896476,2026-02-27 15:42:32.574918,2026-02-27 15:42:38.209514,0 days 00:00:05.634596,39,1,2,8799,COMPLETE
371,-0.3779786474086033,2026-02-27 15:42:38.228119,2026-02-27 15:42:43.588029,0 days 00:00:05.359910,39,2,3,8490,COMPLETE
372,-0.35668042538849465,2026-02-27 15:42:43.605310,2026-02-27 15:42:49.145270,0 days 00:00:05.539960,38,1,2,8747,COMPLETE
373,-0.35637337127977825,2026-02-27 15:42:49.162692,2026-02-27 15:42:55.211929,0 days 00:00:06.049237,37,1,2,9539,COMPLETE
374,-0.3779537241241142,2026-02-27 15:42:55.237334,2026-02-27 15:43:00.893230,0 days 00:00:05.655896,36,2,2,8858,COMPLETE
375,-0.356438347464947,2026-02-27 15:43:00.917174,2026-02-27 15:43:07.045460,0 days 00:00:06.128286,38,1,2,9500,COMPLETE
376,-0.3585978375988469,2026-02-27 15:43:07.062049,2026-02-27 15:43:13.000966,0 days 00:00:05.938917,36,1,3,9394,COMPLETE
377,-0.3682018374049269,2026-02-27 15:43:13.021684,2026-02-27 15:43:18.651694,0 days 00:00:05.630010,37,1,7,8846,COMPLETE
378,-0.37778576345763437,2026-02-27 15:43:18.671759,2026-02-27 15:43:24.724625,0 days 00:00:06.052866,38,2,2,9493,COMPLETE
379,-0.35638253446154544,2026-02-27 15:43:24.752926,2026-02-27 15:43:30.648877,0 days 00:00:05.895951,38,1,2,9192,COMPLETE
380,-0.3585951985611183,2026-02-27 15:43:30.669624,2026-02-27 15:43:36.657691,0 days 00:00:05.988067,39,1,3,9389,COMPLETE
381,-0.3955323418422981,2026-02-27 15:43:36.685898,2026-02-27 15:43:42.459375,0 days 00:00:05.773477,37,3,2,9123,COMPLETE
382,-0.3563971953943681,2026-02-27 15:43:42.488066,2026-02-27 15:43:48.372680,0 days 00:00:05.884614,40,1,2,9169,COMPLETE
383,-0.37771402723666614,2026-02-27 15:43:48.393122,2026-02-27 15:43:54.193322,0 days 00:00:05.800200,38,2,3,9148,COMPLETE
384,-0.3563952563769791,2026-02-27 15:43:54.214620,2026-02-27 15:44:00.340951,0 days 00:00:06.126331,40,1,2,9571,COMPLETE
385,-0.35630472082458214,2026-02-27 15:44:00.361619,2026-02-27 15:44:06.578183,0 days 00:00:06.216564,39,1,2,9764,COMPLETE
386,-0.37774761989501204,2026-02-27 15:44:06.605889,2026-02-27 15:44:12.723824,0 days 00:00:06.117935,39,2,2,9635,COMPLETE
387,-0.35861389429529106,2026-02-27 15:44:12.751898,2026-02-27 15:44:18.883190,0 days 00:00:06.131292,38,1,3,9657,COMPLETE
388,-0.35641392822113666,2026-02-27 15:44:18.911919,2026-02-27 15:44:24.833020,0 days 00:00:05.921101,39,1,2,9185,COMPLETE
389,-0.3974332577663981,2026-02-27 15:44:24.853164,2026-02-27 15:44:30.804914,0 days 00:00:05.951750,39,1,12,9314,COMPLETE
390,-0.37773880830016476,2026-02-27 15:44:30.825665,2026-02-27 15:44:36.692570,0 days 00:00:05.866905,40,2,2,9224,COMPLETE
391,-0.3566423262031832,2026-02-27 15:44:36.722048,2026-02-27 15:44:42.475539,0 days 00:00:05.753491,39,1,2,9014,COMPLETE
392,-0.35884728563473844,2026-02-27 15:44:42.504963,2026-02-27 15:44:48.227113,0 days 00:00:05.722150,39,1,3,9026,COMPLETE
393,-0.3563863532648071,2026-02-27 15:44:48.255534,2026-02-27 15:44:54.359632,0 days 00:00:06.104098,37,1,2,9623,COMPLETE
394,-0.3566871707511111,2026-02-27 15:44:54.384713,2026-02-27 15:44:59.946579,0 days 00:00:05.561866,35,1,2,8725,COMPLETE
395,-0.37773048969679457,2026-02-27 15:44:59.964074,2026-02-27 15:45:06.185455,0 days 00:00:06.221381,35,2,4,9643,COMPLETE
396,-0.35635362892008554,2026-02-27 15:45:06.202933,2026-02-27 15:45:12.473636,0 days 00:00:06.270703,37,1,2,9819,COMPLETE
397,-0.3586095769106287,2026-02-27 15:45:12.501492,2026-02-27 15:45:18.783701,0 days 00:00:06.282209,37,1,3,9854,COMPLETE
398,-0.3777518613453381,2026-02-27 15:45:18.811617,2026-02-27 15:45:24.860432,0 days 00:00:06.048815,36,2,2,9534,COMPLETE
399,-0.35664831961249127,2026-02-27 15:45:24.875249,2026-02-27 15:45:30.515211,0 days 00:00:05.639962,38,1,2,8774,COMPLETE
400,-0.3566576947741094,2026-02-27 15:45:30.535261,2026-02-27 15:45:36.133476,0 days 00:00:05.598215,37,1,2,8707,COMPLETE
401,-0.35886850312579177,2026-02-27 15:45:36.154114,2026-02-27 15:45:41.808539,0 days 00:00:05.654425,34,1,3,8751,COMPLETE
402,-0.41782628315653925,2026-02-27 15:45:41.829817,2026-02-27 15:45:48.086966,0 days 00:00:06.257149,37,7,2,9985,COMPLETE
403,-0.4260499153014945,2026-02-27 15:45:48.104596,2026-02-27 15:45:53.862489,0 days 00:00:05.757893,40,2,18,9069,COMPLETE
404,-0.4758480771856063,2026-02-27 15:45:53.890454,2026-02-27 15:45:59.751666,0 days 00:00:05.861212,36,12,2,9292,COMPLETE
405,-0.3588280706766055,2026-02-27 15:45:59.777866,2026-02-27 15:46:05.287643,0 days 00:00:05.509777,39,1,3,8625,COMPLETE
406,-0.3567256317723887,2026-02-27 15:46:05.312360,2026-02-27 15:46:10.988902,0 days 00:00:05.676542,41,1,2,8960,COMPLETE
407,-0.37795848001242066,2026-02-27 15:46:11.016672,2026-02-27 15:46:16.736000,0 days 00:00:05.719328,40,2,2,8898,COMPLETE
408,-0.35638192658647805,2026-02-27 15:46:16.757005,2026-02-27 15:46:22.686326,0 days 00:00:05.929321,38,1,2,9191,COMPLETE
409,-0.35638395690910385,2026-02-27 15:46:22.707376,2026-02-27 15:46:28.521833,0 days 00:00:05.814457,37,1,2,9136,COMPLETE
410,-0.37774478607808765,2026-02-27 15:46:28.547860,2026-02-27 15:46:34.434289,0 days 00:00:05.886429,37,2,3,9209,COMPLETE
411,-0.3562715436015569,2026-02-27 15:46:34.462091,2026-02-27 15:46:40.657817,0 days 00:00:06.195726,38,1,2,9702,COMPLETE
412,-0.3614048284393329,2026-02-27 15:46:40.674701,2026-02-27 15:46:46.879573,0 days 00:00:06.204872,36,1,4,9753,COMPLETE
413,-0.37779351834582564,2026-02-27 15:46:46.899897,2026-02-27 15:46:52.996474,0 days 00:00:06.096577,38,2,2,9505,COMPLETE
414,-0.3588710288923006,2026-02-27 15:46:53.016561,2026-02-27 15:46:58.801767,0 days 00:00:05.785206,37,1,3,9014,COMPLETE
415,-0.35627338231225636,2026-02-27 15:46:58.829628,2026-02-27 15:47:04.783229,0 days 00:00:05.953601,35,1,2,9317,COMPLETE
416,-0.3777202336719069,2026-02-27 15:47:04.810873,2026-02-27 15:47:10.815936,0 days 00:00:06.005063,35,2,2,9378,COMPLETE
417,-0.3562855433807358,2026-02-27 15:47:10.833621,2026-02-27 15:47:17.040681,0 days 00:00:06.207060,37,1,2,9736,COMPLETE
418,-0.35856190525497855,2026-02-27 15:47:17.069270,2026-02-27 15:47:23.452044,0 days 00:00:06.382774,34,1,3,9722,COMPLETE
419,-0.35636125221361,2026-02-27 15:47:23.472233,2026-02-27 15:47:29.536674,0 days 00:00:06.064441,38,1,2,9515,COMPLETE
420,-0.3777915844409326,2026-02-27 15:47:29.556875,2026-02-27 15:47:35.660100,0 days 00:00:06.103225,38,2,2,9586,COMPLETE
421,-0.3562978415132838,2026-02-27 15:47:35.688728,2026-02-27 15:47:41.697005,0 days 00:00:06.008277,37,1,2,9276,COMPLETE
422,-0.3585819496983115,2026-02-27 15:47:41.725084,2026-02-27 15:47:47.620123,0 days 00:00:05.895039,35,1,3,9260,COMPLETE
423,-0.3777310683983446,2026-02-27 15:47:47.648067,2026-02-27 15:47:53.713813,0 days 00:00:06.065746,37,2,2,9439,COMPLETE
424,-0.3585687369696813,2026-02-27 15:47:53.730455,2026-02-27 15:48:00.018638,0 days 00:00:06.288183,37,1,3,9791,COMPLETE
425,-0.35646314778689137,2026-02-27 15:48:00.039375,2026-02-27 15:48:05.888995,0 days 00:00:05.849620,36,1,2,9100,COMPLETE
426,-0.356631291833973,2026-02-27 15:48:05.917118,2026-02-27 15:48:11.701535,0 days 00:00:05.784417,36,1,2,9041,COMPLETE
427,-0.37778651225752513,2026-02-27 15:48:11.721318,2026-02-27 15:48:17.548838,0 days 00:00:05.827520,34,2,2,9096,COMPLETE
428,-0.35852407940477715,2026-02-27 15:48:17.577693,2026-02-27 15:48:24.003431,0 days 00:00:06.425738,36,1,3,9978,COMPLETE
429,-0.3563109045655216,2026-02-27 15:48:24.023874,2026-02-27 15:48:29.954649,0 days 00:00:05.930775,36,1,2,9272,COMPLETE
430,-0.377681284265763,2026-02-27 15:48:29.975737,2026-02-27 15:48:35.873340,0 days 00:00:05.897603,35,2,2,9247,COMPLETE
431,-0.35868730214594235,2026-02-27 15:48:35.893324,2026-02-27 15:48:42.070287,0 days 00:00:06.176963,36,1,3,9493,COMPLETE
432,-0.3562920597956733,2026-02-27 15:48:42.099442,2026-02-27 15:48:48.075129,0 days 00:00:05.975687,37,1,2,9326,COMPLETE
433,-0.3955628348742005,2026-02-27 15:48:48.095820,2026-02-27 15:48:54.262716,0 days 00:00:06.166896,37,3,2,9648,COMPLETE
434,-0.35632633881795833,2026-02-27 15:48:54.283598,2026-02-27 15:49:00.301513,0 days 00:00:06.017915,36,1,2,9401,COMPLETE
435,-0.37771438118124456,2026-02-27 15:49:00.321964,2026-02-27 15:49:06.332294,0 days 00:00:06.010330,36,2,3,9385,COMPLETE
436,-0.37220550899507493,2026-02-27 15:49:06.352523,2026-02-27 15:49:12.277986,0 days 00:00:05.925463,37,1,8,9279,COMPLETE
437,-0.4426422050864538,2026-02-27 15:49:12.305802,2026-02-27 15:49:18.313817,0 days 00:00:06.008015,36,10,2,9538,COMPLETE
438,-0.35632960733702396,2026-02-27 15:49:18.339114,2026-02-27 15:49:24.578022,0 days 00:00:06.238908,38,1,2,9811,COMPLETE
439,-0.37768971605337354,2026-02-27 15:49:24.605974,2026-02-27 15:49:30.883755,0 days 00:00:06.277781,38,2,2,9818,COMPLETE
440,-0.3955351516694715,2026-02-27 15:49:30.904131,2026-02-27 15:49:36.719970,0 days 00:00:05.815839,34,3,3,9144,COMPLETE
441,-0.35628270826145536,2026-02-27 15:49:36.740329,2026-02-27 15:49:42.885041,0 days 00:00:06.144712,37,1,2,9669,COMPLETE
442,-0.35628113634050146,2026-02-27 15:49:42.914310,2026-02-27 15:49:49.124130,0 days 00:00:06.209820,37,1,2,9724,COMPLETE
443,-0.35860038253531956,2026-02-27 15:49:49.142525,2026-02-27 15:49:55.330834,0 days 00:00:06.188309,36,1,3,9741,COMPLETE
444,-0.3777862594468788,2026-02-27 15:49:55.348722,2026-02-27 15:50:01.527380,0 days 00:00:06.178658,35,2,2,9554,COMPLETE
445,-0.3563430955492944,2026-02-27 15:50:01.541520,2026-02-27 15:50:07.899715,0 days 00:00:06.358195,36,1,2,9919,COMPLETE
446,-0.3585349170739395,2026-02-27 15:50:07.927907,2026-02-27 15:50:14.447928,0 days 00:00:06.520021,36,1,3,9970,COMPLETE
447,-0.3562901108105593,2026-02-27 15:50:14.476975,2026-02-27 15:50:20.737660,0 days 00:00:06.260685,33,1,2,9725,COMPLETE
448,-0.3938791764192563,2026-02-27 15:50:20.766577,2026-02-27 15:50:26.976744,0 days 00:00:06.210167,37,2,10,9811,COMPLETE
449,-0.35628270826145536,2026-02-27 15:50:26.997187,2026-02-27 15:50:33.188998,0 days 00:00:06.191811,33,1,2,9669,COMPLETE
450,-0.37772129882762673,2026-02-27 15:50:33.208673,2026-02-27 15:50:39.396941,0 days 00:00:06.188268,32,2,2,9708,COMPLETE
451,-0.3585349170739395,2026-02-27 15:50:39.424995,2026-02-27 15:50:45.777609,0 days 00:00:06.352614,31,1,3,9970,COMPLETE
452,-0.356370755134932,2026-02-27 15:50:45.806519,2026-02-27 15:50:51.866148,0 days 00:00:06.059629,34,1,2,9486,COMPLETE
453,-0.3777014743835568,2026-02-27 15:50:51.886842,2026-02-27 15:50:57.995104,0 days 00:00:06.108262,33,2,2,9680,COMPLETE
454,-0.3585997816166495,2026-02-27 15:50:58.012761,2026-02-27 15:51:04.026957,0 days 00:00:06.014196,32,1,3,9411,COMPLETE
455,-0.40835082681912205,2026-02-27 15:51:04.044008,2026-02-27 15:51:10.228251,0 days 00:00:06.184243,35,4,2,9801,COMPLETE
456,-0.3563702366436766,2026-02-27 15:51:10.245076,2026-02-27 15:51:16.300880,0 days 00:00:06.055804,34,1,2,9485,COMPLETE
457,-0.3563546629132931,2026-02-27 15:51:16.329526,2026-02-27 15:51:22.462373,0 days 00:00:06.132847,34,1,2,9592,COMPLETE
458,-0.5415267831218575,2026-02-27 15:51:22.480873,2026-02-27 15:51:28.224479,0 days 00:00:05.743606,33,13,3,9596,COMPLETE
459,-0.3777162318549413,2026-02-27 15:51:28.244983,2026-02-27 15:51:34.266645,0 days 00:00:06.021662,34,2,2,9435,COMPLETE
460,-0.3563429725263151,2026-02-27 15:51:34.294829,2026-02-27 15:51:40.661320,0 days 00:00:06.366491,32,1,2,9986,COMPLETE
461,-0.4124229905609692,2026-02-27 15:51:40.689498,2026-02-27 15:51:47.006232,0 days 00:00:06.316734,32,5,3,9902,COMPLETE
462,-0.6672616789149654,2026-02-27 15:51:47.032976,2026-02-27 15:51:52.574668,0 days 00:00:05.541692,34,17,2,9737,COMPLETE
463,-0.3563228188546906,2026-02-27 15:51:52.591042,2026-02-27 15:51:58.997114,0 days 00:00:06.406072,30,1,2,9968,COMPLETE
464,-0.37771678076381326,2026-02-27 15:51:59.018223,2026-02-27 15:52:05.348022,0 days 00:00:06.329799,29,2,2,9977,COMPLETE
465,-0.35633319743433745,2026-02-27 15:52:05.372827,2026-02-27 15:52:11.737076,0 days 00:00:06.364249,30,1,2,9990,COMPLETE
466,-0.3913021372654185,2026-02-27 15:52:11.754449,2026-02-27 15:52:17.938196,0 days 00:00:06.183747,27,1,11,9836,COMPLETE
467,-0.3776905161527724,2026-02-27 15:58:12.846512,2026-02-27 15:58:19.905468,0 days 00:00:07.058956,30,2,3,9988,COMPLETE
468,-0.3632836157616016,2026-02-27 15:58:19.932850,2026-02-27 15:58:26.592788,0 days 00:00:06.659938,30,1,5,9743,COMPLETE
469,-0.3563676384963538,2026-02-27 15:58:26.610882,2026-02-27 15:58:33.187718,0 days 00:00:06.576836,33,1,2,9448,COMPLETE
470,-0.3679421401724274,2026-02-27 15:58:33.205359,2026-02-27 15:58:39.750550,0 days 00:00:06.545191,32,1,7,9444,COMPLETE
471,-0.4359854505354712,2026-02-27 15:58:39.770601,2026-02-27 15:58:46.469580,0 days 00:00:06.698979,33,9,2,9770,COMPLETE
472,-0.35865557162698625,2026-02-27 15:58:46.493123,2026-02-27 15:58:53.161736,0 days 00:00:06.668613,30,1,3,9582,COMPLETE
473,-0.3777194450629139,2026-02-27 15:58:53.182595,2026-02-27 15:58:59.893268,0 days 00:00:06.710673,28,2,2,9831,COMPLETE
474,-0.3563399360737305,2026-02-27 15:58:59.914362,2026-02-27 15:59:05.930191,0 days 00:00:06.015829,32,1,2,9396,COMPLETE
475,-0.35632539233105087,2026-02-27 15:59:05.959050,2026-02-27 15:59:12.291535,0 days 00:00:06.332485,32,1,2,9970,COMPLETE
476,-0.35854876387569734,2026-02-27 15:59:12.311710,2026-02-27 15:59:18.640632,0 days 00:00:06.328922,33,1,3,9926,COMPLETE
477,-0.3777010784875367,2026-02-27 15:59:18.666762,2026-02-27 15:59:25.073938,0 days 00:00:06.407176,32,2,2,9990,COMPLETE
478,-0.4521309915797648,2026-02-27 15:59:25.101441,2026-02-27 15:59:31.135095,0 days 00:00:06.033654,31,11,3,9671,COMPLETE
479,-0.4257796793712174,2026-02-27 15:59:31.151918,2026-02-27 15:59:37.419225,0 days 00:00:06.267307,33,8,4,9999,COMPLETE
480,-0.3563520731443129,2026-02-27 15:59:37.439535,2026-02-27 15:59:43.443543,0 days 00:00:06.004008,34,1,2,9422,COMPLETE
481,-0.3777244554911911,2026-02-27 15:59:43.464225,2026-02-27 15:59:49.447336,0 days 00:00:05.983111,31,2,2,9362,COMPLETE
482,-0.35628692927800715,2026-02-27 15:59:49.475527,2026-02-27 15:59:55.665318,0 days 00:00:06.189791,34,1,2,9731,COMPLETE
483,-0.3585817219197559,2026-02-27 15:59:55.693881,2026-02-27 16:00:01.932826,0 days 00:00:06.238945,31,1,3,9733,COMPLETE
484,-0.3776992441484698,2026-02-27 16:00:01.953985,2026-02-27 16:00:08.298003,0 days 00:00:06.344018,32,2,2,9779,COMPLETE
485,-0.35625186687253235,2026-02-27 16:00:08.318188,2026-02-27 16:00:14.763384,0 days 00:00:06.445196,33,1,2,9691,COMPLETE
486,-0.3585803069392839,2026-02-27 16:00:14.784349,2026-02-27 16:00:21.089324,0 days 00:00:06.304975,34,1,3,9709,COMPLETE
487,-0.37769634003928715,2026-02-27 16:00:21.109963,2026-02-27 16:00:27.333068,0 days 00:00:06.223105,29,2,2,9820,COMPLETE
488,-0.35632674048497204,2026-02-27 16:00:27.360602,2026-02-27 16:00:33.748386,0 days 00:00:06.387784,32,1,2,9980,COMPLETE
489,-0.3563341083223367,2026-02-27 16:00:33.769138,2026-02-27 16:00:40.152313,0 days 00:00:06.383175,32,1,2,9983,COMPLETE
490,-0.3777136203399724,2026-02-27 16:00:40.180015,2026-02-27 16:00:46.568782,0 days 00:00:06.388767,32,2,3,9963,COMPLETE
491,-0.35632674048497204,2026-02-27 16:00:46.597656,2026-02-27 16:00:52.950411,0 days 00:00:06.352755,30,1,2,9980,COMPLETE
492,-0.35633444535865294,2026-02-27 16:00:52.977934,2026-02-27 16:00:59.352652,0 days 00:00:06.374718,29,1,2,9984,COMPLETE
493,-0.35631950295880105,2026-02-27 16:00:59.371054,2026-02-27 16:01:05.786443,0 days 00:00:06.415389,29,1,2,9994,COMPLETE
494,-0.37770668453196865,2026-02-27 16:01:05.814642,2026-02-27 16:01:12.151554,0 days 00:00:06.336912,28,2,3,9975,COMPLETE
495,-0.35631047660279586,2026-02-27 16:01:12.168390,2026-02-27 16:01:18.389695,0 days 00:00:06.221305,30,1,2,9759,COMPLETE
496,-0.3562652195849474,2026-02-27 16:01:18.409639,2026-02-27 16:01:24.630346,0 days 00:00:06.220707,30,1,2,9722,COMPLETE
497,-0.37770710522553186,2026-02-27 16:01:24.647472,2026-02-27 16:01:30.800898,0 days 00:00:06.153426,29,2,2,9741,COMPLETE
498,-0.3585635685700577,2026-02-27 16:01:30.825324,2026-02-27 16:01:36.907897,0 days 00:00:06.082573,30,1,3,9691,COMPLETE
499,-0.41145419068039624,2026-02-27 16:01:36.933479,2026-02-27 16:01:43.132595,0 days 00:00:06.199116,30,1,15,9790,COMPLETE
